Prueba,Eje x,Eje y,Eje z
0,-10.31,10.07,-3.54
1,19.9,-160.34,-12.51
2,16.48,-177.86,-24.41
3,-24.6,-22.22,-68.48
4,-46.2,15.08,-94.91
5,-48.71,12.88,-104.98
6,-47.24,13.61,-105.53
7,-43.88,13.73,-105.59
8,-38.57,12.39,-106.87
9,-31.92,8.12,-107.67
10,-33.08,3.66,-105.41
11,-39.37,-0.73,-101.87
12,-32.53,-5.19,-102.48
13,-14.04,-9.64,-107.24
14,-0.18,-14.22,-113.22
15,6.84,-17.64,-117.8
16,8.79,-19.78,-119.26
17,-10.56,-18.68,-115.23
18,-41.32,-17.27,-105.9
19,-69.4,-16.42,-95.28
20,-91.37,-17.88,-88.38
21,-96.37,-22.16,-88.32
22,-87.77,-28.32,-94.06
23,-78.8,-35.52,-100.28
24,-76.72,-40.47,-101.62
25,-77.15,-40.95,-97.84
26,-70.01,-39.49,-94.42
27,-59.81,-40.47,-95.7
28,-61.83,-45.53,-101.68
29,-83.01,-49.68,-103.03
30,-103.03,-48.52,-95.03
31,-109.25,-43.82,-88.56
32,-105.29,-40.47,-90.15
33,-99.55,-39.0,-95.28
34,-96.31,-39.25,-99.61
35,-94.85,-41.99,-99.85
36,-92.71,-46.69,-97.41
37,-93.75,-48.52,-92.22
38,-101.75,-23.19,-90.58
39,-87.46,-4.03,-92.29
40,-66.28,-6.53,-88.01
41,-51.45,-12.76,-89.6
42,-39.67,-17.82,-94.97
43,-31.68,-19.65,-93.44
44,-27.04,-19.96,-89.78
45,-26.73,-21.79,-85.69
46,-38.82,-24.66,-79.96
47,-57.13,-31.92,-79.04
48,-65.73,-42.18,-85.33
49,-70.68,-46.69,-88.5
50,-77.51,-47.97,-90.82
51,-79.16,-50.11,-97.47
52,-75.68,-53.59,-106.2
53,-60.12,-54.5,-112.85
54,-40.77,-52.43,-115.66
55,-32.65,-49.74,-115.97
56,-37.41,-45.1,-112.43
57,-47.0,-33.94,-101.62
58,-48.71,-20.63,-90.58
59,-47.79,-15.56,-88.62
60,-45.41,-18.98,-92.1
61,-37.6,-23.68,-96.74
62,-22.22,-23.44,-104.49
63,-10.8,-21.85,-110.6
64,-7.45,-35.1,-109.92
65,-12.76,-40.77,-112.55
66,-25.39,-45.35,-109.74
67,-47.73,-48.95,-94.73
68,-70.43,-43.95,-86.06
69,-77.64,-42.18,-90.76
70,-73.73,-44.86,-92.35
71,-70.43,-48.77,-90.45
72,-65.0,-51.57,-91.98
73,-46.88,-49.8,-94.06
74,-30.94,-42.11,-93.26
75,-21.61,-35.46,-89.97
76,-11.11,-37.48,-84.59
77,0.92,-33.39,-88.07
78,19.1,-20.51,-99.12
79,20.57,-8.18,-105.77
80,3.17,-10.99,-102.97
81,-23.86,-29.36,-93.69
82,-41.26,-48.95,-84.05
83,-51.21,-55.3,-76.23
84,-62.07,-51.57,-68.73
85,-69.64,-48.52,-61.58
86,-79.96,-43.7,-52.86
87,-83.5,-25.7,-41.32
88,-70.31,-11.84,-34.12
89,-56.21,-12.21,-32.96
90,-40.59,-19.23,-36.07
91,-21.61,-19.29,-37.84
92,-5.86,-17.4,-36.13
93,1.04,-16.05,-32.96
94,-0.98,-13.49,-28.56
95,-5.0,-11.17,-21.48
96,-2.5,-8.85,-15.08
97,4.7,-6.84,-10.68
98,5.07,-5.0,-6.59
99,-2.69,-3.97,-2.5
100,-16.66,-3.66,4.33
101,-19.1,-2.56,9.95
102,-28.69,1.22,17.03
103,-23.86,4.03,25.88
104,-10.8,7.2,33.45
105,2.26,14.34,39.98
106,7.81,20.02,50.23
107,14.53,22.52,58.23
108,30.15,21.61,63.11
109,52.86,19.84,64.64
110,70.92,15.69,63.05
111,76.35,13.37,62.5
112,71.29,13.18,64.7
113,69.21,12.76,67.57
114,73.18,14.28,71.11
115,76.29,19.1,75.44
116,77.76,24.35,80.87
117,82.03,29.72,86.61
118,81.91,35.77,93.26
119,74.77,39.06,99.43
120,67.44,39.18,105.1
121,61.46,37.9,109.5
122,56.09,36.87,112.18
123,53.77,34.67,113.22
124,55.6,30.27,112.55
125,58.9,25.02,111.27
126,60.18,19.9,109.8
127,62.32,15.01,107.6
128,70.13,11.23,103.52
129,78.98,9.58,101.87
130,86.12,8.79,102.72
131,89.17,8.3,105.1
132,87.04,9.34,108.83
133,113.59,19.04,104.49
134,122.19,27.28,104.43
135,112.0,21.97,112.49
136,108.95,17.33,120.36
137,105.35,19.96,127.56
138,97.35,23.62,131.59
139,94.12,25.27,129.76
140,94.91,22.95,126.59
141,102.42,16.66,122.38
142,104.55,8.97,119.14
143,97.23,1.1,117.25
144,91.61,-6.16,116.33
145,84.96,-10.93,122.25
146,70.25,-11.54,136.05
147,55.05,-7.69,148.74
148,49.99,1.1,164.12
149,65.12,7.87,172.06
150,90.27,11.23,175.6
151,100.04,17.88,178.41
152,87.95,28.26,184.39
153,71.35,32.17,193.3
154,56.64,29.48,201.72
155,38.88,25.27,208.74
156,29.97,21.3,213.2
157,27.4,18.74,217.16
158,22.83,19.23,221.37
159,16.42,22.03,224.37
160,15.93,27.16,226.75
161,16.05,33.87,231.63
162,11.35,39.37,239.01
163,7.45,39.55,241.82
164,6.29,37.17,239.44
165,-0.49,35.4,236.69
166,-7.51,31.07,232.42
167,-7.08,23.13,223.63
168,-2.99,18.62,211.91
169,2.81,19.41,198.97
170,14.77,21.36,185.42
171,25.82,23.07,172.91
172,29.72,24.78,163.76
173,27.95,26.06,158.2
174,25.88,25.76,153.81
175,22.03,25.7,149.78
176,16.11,25.09,146.42
177,12.39,22.95,141.36
178,13.85,19.59,135.62
179,17.94,16.6,129.21
180,21.67,14.59,123.17
181,20.02,13.79,120.06
182,11.66,15.5,119.87
183,-3.05,14.65,120.54
184,-10.38,11.66,118.41
185,-9.7,5.13,108.28
186,-3.66,-1.28,96.31
187,4.64,-8.91,84.17
188,14.71,-15.44,75.74
189,24.54,-18.01,73.61
190,27.4,-14.89,71.84
191,33.14,3.11,60.06
192,32.78,8.91,61.71
193,26.67,-2.99,72.2
194,21.36,-10.07,68.97
195,23.8,-12.45,66.65
196,28.02,-6.77,58.41
197,18.01,-5.98,54.57
198,-0.61,-6.53,50.05
199,0.43,0.37,35.22
200,13.0,11.84,21.3
201,14.83,19.17,13.79
202,0.92,5.31,24.54
203,-14.53,2.56,24.11
204,-26.25,4.88,11.66
205,-30.33,4.46,-4.15
206,-29.24,2.2,-20.57
207,-24.78,0.73,-34.97
208,-29.11,-0.12,-45.9
209,-38.27,-2.75,-54.57
210,-42.79,-5.86,-62.5
211,-41.63,-7.51,-67.93
212,-46.08,-8.61,-71.04
213,-55.36,-9.58,-76.78
214,-52.12,-10.19,-86.67
215,-45.1,-9.46,-97.47
216,-60.61,-10.01,-107.12
217,-81.36,-12.57,-117.25
218,-90.03,-14.59,-127.99
219,-92.53,-17.21,-138.73
220,-105.59,-19.41,-151.49
221,-140.14,-24.23,-163.21
222,-182.56,-30.82,-171.02
223,-192.87,-37.35,-169.43
224,-178.96,-38.27,-168.09
225,-152.16,-40.16,-166.93
226,-117.98,-42.54,-166.32
227,-79.41,-45.47,-166.56
228,-38.88,-48.65,-168.4
229,4.88,-50.84,-169.62
230,57.5,-51.21,-170.53
231,97.05,-49.32,-173.46
232,104.0,-45.53,-176.27
233,76.9,-39.98,-177.0
234,28.32,-35.34,-174.56
235,-13.92,-33.26,-171.63
236,-28.69,-30.7,-171.69
237,-29.48,-27.28,-171.94
238,-31.31,-25.57,-172.55
239,-31.86,-26.49,-174.19
240,-31.86,-27.4,-175.23
241,-37.96,-26.98,-175.78
242,-52.0,-26.61,-175.17
243,-65.06,-26.37,-173.4
244,-79.22,-24.35,-170.41
245,-102.11,-23.44,-167.6
246,-115.48,-27.16,-167.3
247,-97.84,-31.92,-170.17
248,-73.73,-34.18,-172.61
249,-66.53,-34.61,-172.3
250,-72.08,-34.12,-168.21
251,-76.78,-32.78,-161.68
252,-79.77,-28.75,-154.42
253,-82.03,-26.18,-148.99
254,-76.6,-28.44,-147.09
255,-66.89,-31.98,-146.12
256,-61.77,-33.57,-144.53
257,-58.29,-33.57,-142.7
258,-54.08,-32.65,-138.85
259,-63.54,-28.87,-132.81
260,-80.93,-24.05,-128.6
261,-85.63,-18.8,-127.99
262,-72.14,-15.93,-130.55
263,-57.56,-16.48,-132.69
264,-51.7,-17.94,-130.92
265,-51.7,-18.07,-127.01
266,-55.6,-20.14,-123.17
267,-59.63,-22.77,-123.6
268,-60.18,-23.07,-124.08
269,-60.61,-23.56,-123.11
270,-59.02,-24.96,-119.69
271,-60.85,-24.9,-115.05
272,-63.54,-23.62,-110.66
273,-68.97,-21.67,-105.9
274,-83.98,-20.39,-103.52
275,-91.92,-24.17,-107.48
276,-83.56,-30.52,-114.87
277,-73.36,-35.95,-120.85
278,-71.04,-39.67,-123.66
279,-72.63,-42.24,-124.08
280,-73.24,-43.03,-123.05
281,-74.22,-44.13,-122.19
282,-71.9,-47.24,-121.77
283,-58.47,-51.39,-120.73
284,-42.3,-54.26,-116.82
285,-37.23,-51.76,-108.58
286,-31.19,-42.05,-99.91
287,-21.79,-29.42,-91.67
288,-16.17,-22.16,-85.02
289,-14.95,-22.4,-80.75
290,-18.43,-24.78,-79.41
291,-20.51,-27.4,-80.44
292,-23.62,-29.54,-80.32
293,-27.95,-30.76,-77.7
294,-31.25,-29.3,-72.75
295,-30.21,-26.73,-68.05
296,-24.6,-23.19,-65.31
297,-19.9,-18.92,-62.74
298,-10.5,-15.26,-60.24
299,5.43,-13.49,-57.43
300,17.09,-11.17,-53.71
301,12.76,-7.08,-49.01
302,-3.54,-1.95,-41.26
303,-10.5,1.34,-32.53
304,-6.16,2.99,-24.41
305,3.3,2.87,-16.85
306,12.57,2.87,-9.4
307,18.62,3.91,-1.95
308,23.13,4.88,6.29
309,29.66,5.68,14.22
310,34.85,6.53,21.61
311,35.83,7.45,28.5
312,36.13,8.18,34.18
313,37.54,8.36,38.27
314,34.24,9.16,42.85
315,28.69,11.41,48.22
316,26.92,14.77,52.8
317,26.55,18.43,57.31
318,22.58,20.75,62.5
319,17.15,21.67,68.12
320,15.69,21.61,73.67
321,24.23,20.94,79.22
322,38.64,20.2,85.27
323,49.07,19.29,90.52
324,54.87,18.74,94.73
325,59.14,18.19,97.47
326,61.58,17.64,99.91
327,64.58,17.09,101.32
328,66.65,17.21,102.36
329,63.78,19.53,103.7
330,53.22,22.46,106.63
331,40.04,23.44,110.78
332,35.46,23.38,114.01
333,39.55,22.77,115.23
334,46.94,21.24,114.75
335,59.2,20.69,114.81
336,71.35,22.16,116.76
337,75.62,24.6,120.24
338,72.2,27.16,125.31
339,66.41,29.24,131.04
340,58.23,30.15,134.46
341,46.81,29.79,133.85
342,38.39,28.2,128.78
343,30.88,27.04,119.51
344,12.63,27.1,109.13
345,-14.04,29.72,101.87
346,-33.33,35.1,99.3
347,-34.12,38.15,104.98
348,-17.15,40.89,116.03
349,5.25,42.3,123.47
350,29.79,38.27,122.74
351,63.29,25.94,113.28
352,104.86,10.5,97.41
353,136.47,-1.46,82.82
354,144.9,-5.62,76.66
355,121.46,0.37,81.79
356,88.13,11.29,93.32
357,60.85,21.79,104.86
358,31.8,32.47,115.3
359,2.75,40.77,124.88
360,-15.44,44.07,130.43
361,-18.98,43.95,130.49
362,-7.45,44.07,125.43
363,16.48,43.76,117.8
364,48.03,41.14,111.08
365,69.03,36.5,107.3
366,80.51,29.97,106.26
367,86.36,25.76,108.34
368,87.71,27.1,113.1
369,76.29,34.55,121.52
370,46.57,44.19,133.79
371,15.2,51.15,146.24
372,-2.99,54.44,154.36
373,-8.12,54.26,155.21
374,-4.15,49.26,148.8
375,6.04,39.61,137.7
376,25.63,28.81,125.24
377,58.84,19.78,114.69
378,94.36,13.85,109.01
379,112.06,14.65,112.24
380,98.39,22.03,123.05
381,64.27,32.23,136.9
382,29.85,41.26,149.66
383,11.78,44.8,156.01
384,6.9,40.71,152.4
385,10.01,30.4,139.89
386,29.91,17.33,122.74
387,58.59,4.46,105.9
388,79.77,-3.23,94.42
389,83.98,-3.48,90.76
390,72.33,3.23,94.24
391,46.94,12.33,103.21
392,26.61,18.43,112.98
393,29.36,18.31,117.74
394,44.13,11.23,116.46
395,50.78,1.22,111.33
396,52.61,-8.42,104.31
397,50.29,-13.31,98.33
398,52.73,-12.27,96.01
399,52.37,-7.81,97.35
400,41.08,-3.85,100.04
401,26.92,-0.85,100.28
402,18.37,0.67,97.11
403,12.51,-2.2,92.04
404,10.01,-9.95,83.44
405,30.46,-23.07,70.74
406,67.63,-39.18,54.5
407,109.92,-57.43,35.22
408,171.75,-71.9,18.37
409,252.44,-77.15,10.8
410,306.34,-73.36,10.31
411,301.33,-64.82,14.1
412,256.96,-50.48,20.14
413,175.11,-32.04,28.32
414,87.65,-10.86,36.19
415,21.73,4.09,39.31
416,-20.2,11.84,34.48
417,-37.72,16.78,25.02
418,-34.67,18.01,11.23
419,-23.5,18.86,-5.92
420,-9.22,19.04,-24.84
421,10.5,18.55,-42.48
422,24.78,17.94,-52.67
423,30.52,16.72,-56.82
424,34.85,15.14,-60.67
425,32.35,16.54,-63.9
426,15.93,18.98,-64.03
427,-2.2,19.84,-65.37
428,-7.63,22.28,-67.75
429,-10.19,24.23,-70.86
430,-25.76,24.6,-75.13
431,-43.88,26.67,-79.1
432,-57.37,28.5,-84.11
433,-67.02,28.99,-91.61
434,-67.26,30.4,-98.45
435,-61.77,32.04,-102.66
436,-52.73,31.07,-105.53
437,-44.37,29.72,-107.12
438,-37.66,28.02,-106.57
439,-31.68,24.96,-108.34
440,-35.89,23.44,-114.56
441,-38.39,21.18,-125.31
442,-28.93,16.85,-137.33
443,-16.97,13.55,-147.77
444,-11.35,14.04,-154.6
445,-13.06,16.3,-157.53
446,-18.49,19.47,-155.82
447,-29.3,21.24,-150.09
448,-42.72,22.22,-143.31
449,-51.33,21.91,-138.85
450,-50.54,18.19,-140.69
451,-40.83,14.1,-144.65
452,-35.4,13.85,-146.97
453,-39.12,17.21,-145.26
454,-53.22,24.78,-137.57
455,-58.11,26.67,-134.83
456,-54.93,23.07,-131.47
457,-61.65,21.61,-122.31
458,-80.14,23.5,-108.89
459,-97.41,22.34,-94.42
460,-100.22,13.24,-90.82
461,-85.08,-0.55,-101.01
462,-64.21,-12.08,-114.01
463,-50.05,-16.97,-120.73
464,-42.91,-18.19,-125.12
465,-37.84,-16.91,-128.6
466,-30.33,-12.7,-128.36
467,-32.17,-5.19,-124.27
468,-46.75,4.88,-116.58
469,-58.29,11.41,-109.01
470,-62.01,11.41,-105.04
471,-59.14,8.85,-106.32
472,-38.7,4.39,-113.53
473,-5.49,-0.61,-121.83
474,16.6,-1.65,-125.61
475,12.63,0.24,-124.08
476,-6.65,2.69,-118.53
477,-21.55,3.72,-113.04
478,-31.37,4.82,-109.19
479,-34.06,8.0,-104.37
480,-38.76,12.94,-96.8
481,-57.68,17.15,-90.09
482,-81.42,18.92,-87.16
483,-89.66,17.03,-88.44
484,-83.74,13.43,-91.61
485,-65.98,10.8,-93.87
486,-43.82,9.95,-92.83
487,-31.13,12.08,-86.61
488,-33.87,12.94,-80.51
489,-45.84,10.74,-79.41
490,-48.65,9.46,-76.05
491,-49.26,7.14,-71.59
492,-58.17,-0.06,-70.8
493,-67.32,-7.14,-70.86
494,-65.98,-11.23,-71.72
495,-61.1,-14.16,-75.01
496,-64.82,-15.69,-75.74
497,-76.05,-15.38,-73.73
498,-78.74,-16.36,-74.28
499,-70.86,-16.17,-76.72
500,-64.15,-14.28,-77.39
501,-49.99,-11.29,-78.67
502,-33.81,-10.68,-80.26
503,-30.03,-10.19,-81.24
504,-33.94,-10.38,-82.76
505,-33.39,-12.15,-85.75
506,-28.14,-13.85,-87.52
507,-21.36,-15.2,-88.2
508,-21.12,-16.17,-85.63
509,-26.86,-17.76,-81.54
510,-27.77,-20.08,-80.38
511,-26.79,-19.17,-74.65
512,-28.44,-18.31,-68.24
513,-24.9,-17.76,-66.59
514,-18.19,-15.75,-66.71
515,-14.83,-13.43,-64.45
516,-13.18,-11.54,-57.92
517,-4.64,-10.38,-50.48
518,9.95,-8.79,-43.03
519,16.6,-5.49,-34.48
520,12.7,-1.65,-26.12
521,7.32,0.92,-19.53
522,7.93,2.87,-16.05
523,13.98,6.71,-13.92
524,18.92,11.84,-11.78
525,19.47,16.42,-8.3
526,14.71,18.68,-4.58
527,4.52,18.01,3.17
528,-2.44,15.56,12.63
529,-6.1,14.65,24.48
530,-3.23,16.97,35.89
531,20.14,19.23,40.95
532,46.14,22.03,42.66
533,50.05,24.84,45.59
534,39.06,25.45,51.7
535,24.9,25.09,61.65
536,16.24,24.35,73.36
537,13.49,22.89,82.58
538,15.69,19.29,87.22
539,22.16,16.05,89.05
540,27.71,13.98,91.37
541,33.75,13.73,92.83
542,40.34,16.3,93.08
543,40.34,18.01,94.73
544,37.9,19.47,99.0
545,39.18,20.32,103.88
546,39.73,18.92,108.64
547,38.02,16.3,113.59
548,36.25,13.85,118.41
549,37.41,12.02,121.58
550,47.18,12.27,122.56
551,63.23,13.0,123.29
552,65.0,15.32,126.89
553,56.88,17.64,130.43
554,50.23,19.78,133.91
555,45.84,21.55,136.84
556,41.2,22.52,137.45
557,37.48,23.74,135.56
558,38.21,23.5,130.92
559,42.54,18.86,126.1
560,47.49,14.65,123.23
561,44.56,13.79,121.22
562,37.96,16.11,119.02
563,31.62,21.12,116.39
564,18.74,26.06,115.17
565,4.09,29.48,117.43
566,-2.01,27.22,119.63
567,2.99,22.28,120.18
568,16.66,19.35,119.69
569,31.56,18.01,117.8
570,46.39,18.25,114.01
571,58.47,21.85,111.88
572,65.67,24.29,112.0
573,69.82,24.72,113.46
574,69.52,24.05,116.76
575,68.48,23.62,120.73
576,68.48,23.07,122.19
577,70.8,22.4,121.7
578,71.47,23.5,122.07
579,67.63,26.37,123.6
580,66.59,28.38,124.76
581,74.71,28.02,124.15
582,83.74,27.22,125.24
583,83.07,25.51,128.91
584,72.33,24.6,133.24
585,67.87,24.05,134.77
586,69.58,24.17,134.95
587,72.69,24.84,135.68
588,72.88,26.31,137.57
589,67.81,27.1,139.04
590,61.22,26.12,138.43
591,60.79,23.25,134.16
592,66.41,19.17,126.4
593,70.43,15.93,118.84
594,60.3,15.26,115.11
595,40.77,14.65,114.99
596,25.09,15.87,117.86
597,20.45,17.82,120.97
598,28.02,15.81,119.51
599,38.51,10.5,112.85
600,47.24,2.56,103.82
601,60.12,-5.68,95.15
602,66.53,-10.01,90.94
603,61.95,-12.76,90.21
604,60.42,-16.36,90.15
605,61.46,-19.96,89.97
606,55.42,-24.23,88.81
607,46.33,-27.53,85.75
608,43.33,-29.17,80.99
609,41.69,-31.25,76.78
610,37.78,-34.18,73.55
611,32.59,-35.71,70.31
612,31.37,-34.24,67.63
613,33.26,-32.35,65.19
614,34.42,-31.86,60.79
615,38.45,-31.19,55.3
616,43.52,-30.46,50.23
617,41.87,-28.32,46.51
618,37.54,-25.33,43.7
619,30.7,-22.71,39.37
620,23.74,-20.94,32.53
621,17.52,-18.07,22.95
622,2.32,-15.32,15.38
623,-7.39,-12.08,10.31
624,-12.57,-9.09,4.03
625,-16.54,-6.23,-5.07
626,-21.79,-4.39,-14.59
627,-21.91,-3.6,-21.18
628,-20.08,-2.2,-25.51
629,-14.89,-0.43,-28.87
630,-9.89,2.26,-31.98
631,-10.07,4.27,-36.07
632,-8.67,4.82,-40.1
633,-8.97,4.52,-44.31
634,-10.8,4.82,-48.83
635,-14.53,6.53,-52.43
636,-24.41,10.19,-54.44
637,-36.07,12.51,-56.82
638,-43.76,13.67,-59.88
639,-47.3,13.43,-63.96
640,-43.09,13.55,-69.64
641,-33.87,14.1,-76.66
642,-29.91,14.28,-83.37
643,-30.03,14.34,-87.34
644,-30.7,14.89,-88.07
645,-30.88,15.75,-87.28
646,-29.6,16.66,-86.61
647,-28.08,17.4,-86.85
648,-31.25,18.49,-87.77
649,-36.07,19.78,-90.21
650,-43.76,21.18,-93.87
651,-51.33,22.71,-99.06
652,-58.17,23.19,-104.49
653,-69.4,23.32,-108.76
654,-83.74,22.58,-110.66
655,-90.82,20.39,-111.76
656,-90.03,17.52,-111.21
657,-69.95,13.37,-108.83
658,-31.92,8.42,-108.03
659,2.87,5.92,-111.88
660,13.12,6.84,-117.74
661,-6.29,9.58,-119.51
662,-34.48,11.9,-115.72
663,-57.56,13.31,-111.08
664,-72.69,13.49,-109.92
665,-75.32,11.84,-114.01
666,-65.8,8.3,-122.62
667,-50.35,5.13,-132.45
668,-37.11,3.05,-141.05
669,-30.4,2.2,-147.64
670,-26.98,1.83,-151.55
671,-21.12,1.22,-152.65
672,-14.65,1.16,-151.18
673,-13.73,2.2,-148.62
674,-19.35,3.05,-146.36
675,-26.55,4.33,-144.23
676,-33.08,5.68,-142.76
677,-36.68,6.59,-142.7
678,-37.84,6.53,-143.43
679,-41.02,5.0,-143.07
680,-47.97,1.65,-141.24
681,-52.86,-3.36,-139.53
682,-52.0,-8.12,-138.49
683,-51.15,-11.17,-137.02
684,-47.42,-11.41,-132.75
685,-37.96,-10.07,-127.69
686,-27.28,-7.81,-122.62
687,-20.32,-6.84,-119.26
688,-24.54,-7.39,-117.31
689,-27.16,-10.74,-117.92
690,-28.26,-14.95,-119.93
691,-28.69,-18.13,-122.19
692,-27.04,-20.2,-124.02
693,-27.53,-20.94,-123.96
694,-32.71,-20.69,-120.97
695,-47.06,-18.86,-115.66
696,-65.92,-15.38,-109.56
697,-73.06,-12.76,-105.41
698,-57.5,-12.39,-105.59
699,-33.63,-14.1,-109.8
700,-17.46,-14.95,-114.93
701,-17.03,-17.15,-117.61
702,-14.71,-14.95,-118.53
703,-16.11,-8.85,-115.91
704,-26.06,-1.1,-109.37
705,-39.18,4.21,-101.99
706,-52.37,6.59,-95.83
707,-63.48,3.78,-91.25
708,-71.41,-2.56,-88.81
709,-73.12,-7.93,-87.46
710,-71.72,-11.47,-85.51
711,-76.23,-11.66,-82.52
712,-73.18,-10.56,-82.03
713,-56.7,-9.7,-84.17
714,-45.84,-7.51,-84.72
715,-43.03,-6.35,-82.28
716,-44.56,-4.88,-76.78
717,-48.89,-3.6,-70.25
718,-53.53,-3.85,-64.39
719,-56.09,-5.19,-60.55
720,-52.37,-7.2,-57.74
721,-41.26,-10.13,-54.93
722,-28.26,-12.15,-49.68
723,-23.13,-12.27,-41.63
724,-20.57,-10.8,-32.23
725,-20.69,-7.39,-23.01
726,-21.67,-3.11,-13.0
727,-19.53,0.79,-2.2
728,-16.78,3.91,11.41
729,-21.0,6.04,26.73
730,-20.69,6.84,40.59
731,-12.39,5.74,51.45
732,-5.07,2.87,59.63
733,2.99,0.06,66.53
734,9.22,-1.34,73.06
735,13.12,-0.92,80.26
736,20.57,0.98,88.13
737,25.51,3.78,97.17
738,27.28,6.16,105.71
739,30.82,8.42,112.85
740,35.1,10.38,118.77
741,35.52,11.66,123.78
742,31.13,13.12,129.33
743,16.78,15.69,136.9
744,7.51,17.46,143.62
745,14.71,18.01,147.83
746,24.23,18.25,151.31
747,31.86,19.59,155.21
748,40.59,22.16,159.91
749,53.71,25.33,166.14
750,66.53,29.66,175.05
751,74.58,34.67,185.36
752,75.26,40.1,195.37
753,73.12,44.37,203.86
754,72.2,46.08,208.44
755,66.28,47.79,209.05
756,59.51,49.99,205.81
757,53.53,52.25,202.15
758,54.08,54.69,198.06
759,58.11,55.73,195.07
760,59.81,54.99,193.66
761,65.67,52.12,192.32
762,82.28,46.69,191.28
763,96.25,42.97,193.24
764,97.23,41.02,195.92
765,87.04,39.98,196.96
766,74.34,39.31,196.84
767,70.13,38.45,197.02
768,77.15,37.17,195.74
769,87.1,36.44,192.14
770,96.68,33.69,185.85
771,113.28,29.36,178.41
772,123.96,27.04,175.66
773,125.18,25.88,178.59
774,113.4,26.18,185.36
775,93.02,28.02,192.38
776,76.11,28.26,195.13
777,56.27,25.7,192.75
778,46.26,19.84,182.98
779,62.56,15.38,166.2
780,90.76,14.04,149.84
781,109.01,14.16,139.34
782,113.71,15.32,136.84
783,109.31,17.52,141.11
784,98.63,16.91,147.71
785,94.06,13.43,152.71
786,98.27,11.23,151.18
787,100.77,10.99,146.48
788,88.99,11.6,140.5
789,70.25,10.74,132.2
790,70.86,8.67,120.97
791,99.37,18.07,106.14
792,127.14,23.13,95.46
793,117.49,4.33,101.26
794,89.84,-6.47,107.12
795,68.66,-11.05,109.68
796,61.89,-15.32,109.25
797,58.96,-20.26,106.93
798,58.78,-24.96,102.42
799,65.73,-26.86,93.08
800,77.51,-29.66,80.81
801,88.07,-31.62,69.76
802,88.01,-31.74,61.1
803,81.24,-31.8,58.53
804,71.84,-33.81,62.32
805,66.89,-36.5,68.36
806,69.4,-38.09,71.66
807,69.76,-41.14,73.67
808,67.26,-44.07,74.34
809,65.25,-43.21,73.91
810,54.5,-38.88,74.16
811,39.0,-34.12,73.97
812,27.77,-29.66,73.12
813,20.14,-26.43,71.17
814,10.99,-24.6,67.44
815,5.92,-22.58,62.62
816,6.04,-20.45,56.88
817,4.88,-17.21,47.73
818,5.62,-11.11,34.36
819,3.72,-6.29,21.67
820,-5.68,-3.72,10.86
821,-21.91,-1.59,-1.28
822,-38.27,-0.98,-12.33
823,-48.83,-1.1,-23.62
824,-60.06,-1.53,-35.83
825,-69.82,-1.65,-48.34
826,-78.06,-1.28,-59.45
827,-80.51,-1.28,-71.59
828,-75.56,-1.59,-85.21
829,-67.69,-2.56,-99.06
830,-59.02,-2.44,-112.0
831,-49.68,-2.08,-124.27
832,-36.87,-2.87,-135.07
833,-26.98,-4.46,-142.82
834,-28.08,-5.68,-146.24
835,-43.76,-5.55,-146.79
836,-69.82,-4.33,-145.2
837,-101.5,-4.7,-142.82
838,-125.61,-7.45,-141.72
839,-128.42,-9.77,-143.19
840,-123.72,-10.68,-146.73
841,-125.24,-10.13,-151.86
842,-131.77,-9.4,-158.94
843,-134.52,-9.77,-169.07
844,-123.9,-10.93,-182.01
845,-103.09,-11.96,-194.95
846,-83.68,-12.88,-204.28
847,-66.35,-13.49,-210.57
848,-48.58,-15.5,-217.04
849,-32.96,-19.71,-225.22
850,-19.9,-26.49,-233.76
851,-22.46,-32.96,-239.75
852,-42.54,-37.23,-241.09
853,-77.39,-36.99,-236.39
854,-107.6,-34.06,-229.0
855,-119.2,-29.42,-222.6
856,-117.13,-24.54,-218.08
857,-108.34,-20.87,-217.29
858,-92.77,-19.35,-220.76
859,-82.15,-19.96,-222.9
860,-78.8,-24.05,-222.84
861,-74.77,-32.04,-223.94
862,-65.49,-40.41,-226.99
863,-51.57,-45.65,-229.86
864,-34.18,-48.46,-230.96
865,-19.1,-47.91,-229.37
866,-18.86,-43.33,-222.11
867,-34.06,-37.23,-210.27
868,-48.71,-30.64,-199.04
869,-62.26,-22.46,-190.43
870,-65.61,-14.89,-187.26
871,-59.75,-9.77,-189.27
872,-55.24,-7.02,-191.77
873,-51.64,-6.84,-192.08
874,-47.67,-8.61,-190.98
875,-45.17,-11.66,-188.23
876,-47.79,-15.69,-183.11
877,-55.91,-20.63,-176.76
878,-65.55,-24.96,-168.95
879,-72.14,-28.56,-162.23
880,-63.23,-31.19,-158.87
881,-47.36,-28.2,-156.68
882,-47.61,-23.8,-154.11
883,-60.79,-15.01,-152.71
884,-74.46,-5.19,-150.15
885,-84.35,0.85,-146.0
886,-85.14,0.24,-141.17
887,-80.08,-3.85,-137.15
888,-79.77,-8.36,-135.38
889,-65.8,-13.06,-138.31
890,-48.83,-16.3,-141.05
891,-46.26,-17.7,-138.92
892,-48.4,-18.25,-133.36
893,-43.88,-19.71,-128.78
894,-46.45,-21.97,-124.76
895,-61.52,-25.76,-120.42
896,-75.07,-30.82,-117.19
897,-78.49,-35.22,-114.5
898,-75.87,-37.96,-111.45
899,-67.63,-39.25,-108.83
900,-51.88,-38.57,-106.63
901,-43.7,-34.3,-101.5
902,-49.56,-28.99,-93.02
903,-58.23,-25.51,-82.46
904,-59.88,-24.11,-73.0
905,-55.79,-23.38,-65.12
906,-49.62,-22.09,-58.9
907,-36.13,-16.85,-55.66
908,-30.33,-18.55,-61.83
909,-35.89,-18.98,-61.46
910,-25.02,-20.39,-54.81
911,-5.37,-18.43,-48.03
912,9.03,-12.33,-42.24
913,6.65,-6.53,-35.52
914,1.59,-4.03,-23.56
915,2.26,-3.17,-4.82
916,3.97,0.92,15.81
917,0.55,7.51,31.49
918,0.79,12.33,45.41
919,2.87,15.75,59.75
920,6.59,19.96,73.67
921,15.69,23.19,84.23
922,24.6,24.84,93.57
923,29.72,25.88,102.11
924,31.01,27.1,109.92
925,27.4,29.3,117.37
926,29.79,32.23,124.27
927,38.64,34.36,131.71
928,47.0,35.03,138.98
929,48.16,34.55,145.69
930,45.29,33.75,153.69
931,44.01,35.64,162.05
932,40.65,38.94,169.25
933,34.79,43.15,175.9
934,30.7,46.33,181.46
935,30.21,48.71,185.36
936,27.89,51.94,189.39
937,23.5,56.27,193.66
938,25.57,60.73,198.18
939,32.84,63.05,199.34
940,40.04,63.6,197.88
941,44.01,64.09,196.66
942,51.64,66.71,196.47
943,64.94,69.95,198.61
944,70.31,73.49,203.86
945,67.2,77.03,209.41
946,62.19,80.81,211.49
947,60.85,82.95,207.76
948,62.56,83.44,200.13
949,68.42,84.11,191.71
950,77.76,87.04,187.13
951,85.69,92.04,187.07
952,90.33,96.25,188.35
953,88.38,99.85,187.62
954,88.68,102.29,184.57
955,83.8,100.77,181.58
956,70.19,95.28,177.37
957,55.24,89.17,170.9
958,47.12,82.34,161.13
959,54.57,75.2,150.88
960,60.91,76.23,151.12
961,69.27,74.28,142.52
962,71.9,69.89,135.68
963,74.4,68.79,135.44
964,81.91,70.74,135.74
965,84.11,72.81,135.38
966,81.24,71.66,132.93
967,84.84,67.99,128.17
968,89.17,66.71,125.43
969,81.85,65.67,125.0
970,76.05,62.19,123.54
971,77.7,59.51,123.84
972,80.69,55.6,124.51
973,85.14,49.19,123.05
974,94.18,44.01,119.63
975,104.86,41.32,116.94
976,108.28,40.83,116.64
977,103.27,41.08,118.29
978,93.51,40.47,121.89
979,82.46,38.88,125.61
980,77.39,37.84,127.38
981,79.96,35.58,126.16
982,84.66,32.23,122.99
983,89.36,26.12,118.9
984,94.54,17.82,115.66
985,94.97,9.09,115.91
986,92.77,2.14,119.38
987,90.39,-3.66,124.63
988,85.63,-8.24,131.65
989,77.33,-10.25,137.88
990,75.26,-10.13,139.04
991,82.34,-9.09,132.63
992,93.2,-9.46,121.46
993,102.78,-12.88,109.07
994,111.69,-17.94,97.9
995,114.38,-22.52,91.8
996,110.96,-25.27,91.19
997,98.51,-26.0,96.44
998,86.36,-24.17,101.07
999,82.7,-21.0,97.9
1000,76.97,-26.18,102.29
1001,76.54,-32.96,100.77
1002,73.79,-40.77,96.37
1003,59.94,-42.42,82.34
1004,55.48,-41.2,68.05
1005,66.65,-43.27,58.96
1006,77.33,-44.43,52.37
1007,77.21,-42.48,44.86
1008,73.73,-39.79,38.76
1009,73.3,-37.41,35.71
1010,65.37,-35.83,34.06
1011,52.73,-33.81,32.65
1012,41.2,-29.24,32.71
1013,32.17,-24.9,33.57
1014,23.68,-22.4,31.62
1015,16.48,-19.29,27.65
1016,13.18,-15.93,21.55
1017,13.24,-13.06,13.37
1018,11.6,-10.5,6.04
1019,5.62,-7.45,0.18
1020,0.12,-3.54,-5.62
1021,-3.48,0.12,-11.41
1022,-5.68,3.3,-17.46
1023,-9.58,8.12,-21.67
1024,-20.75,12.63,-26.25
1025,-27.83,14.47,-35.83
1026,-26.06,16.05,-49.87
1027,-26.06,17.15,-61.83
1028,-26.31,17.15,-69.76
1029,-28.08,16.54,-75.07
1030,-34.61,15.99,-79.65
1031,-42.97,16.72,-83.25
1032,-49.38,18.86,-87.1
1033,-57.74,21.0,-91.8
1034,-64.27,21.36,-99.73
1035,-63.6,22.28,-111.69
1036,-59.94,23.86,-124.15
1037,-61.04,23.5,-136.17
1038,-62.32,21.42,-149.48
1039,-62.74,19.71,-162.72
1040,-64.58,17.82,-173.4
1041,-65.73,15.63,-180.48
1042,-68.18,13.85,-182.74
1043,-71.78,12.21,-181.52
1044,-78.06,10.74,-178.16
1045,-82.28,8.42,-174.62
1046,-80.38,5.43,-172.18
1047,-73.61,1.95,-170.53
1048,-69.03,-2.44,-168.27
1049,-67.93,-7.63,-166.99
1050,-64.45,-12.39,-168.33
1051,-55.11,-16.24,-173.52
1052,-42.85,-19.78,-182.5
1053,-29.36,-23.68,-195.25
1054,-6.35,-26.98,-210.21
1055,10.99,-28.14,-222.47
1056,16.97,-28.87,-229.55
1057,10.38,-29.85,-230.77
1058,-14.95,-29.17,-225.16
1059,-47.79,-23.07,-216.13
1060,-70.8,-12.88,-208.01
1061,-97.84,-4.27,-200.56
1062,-118.41,-0.43,-194.76
1063,-113.4,-1.46,-193.3
1064,-86.18,-7.14,-197.02
1065,-60.97,-11.41,-199.46
1066,-51.94,-9.95,-195.19
1067,-56.7,-5.19,-187.81
1068,-70.25,-0.43,-180.3
1069,-88.81,0.98,-173.03
1070,-108.4,-2.5,-166.99
1071,-115.72,-7.51,-164.12
1072,-112.79,-13.67,-164.86
1073,-104.43,-20.57,-170.04
1074,-88.68,-28.44,-179.75
1075,-64.21,-36.32,-191.35
1076,-36.5,-38.27,-198.67
1077,-20.26,-35.22,-199.22
1078,-22.95,-26.43,-192.14
1079,-41.14,-14.59,-179.44
1080,-59.63,-4.88,-167.6
1081,-70.43,0.49,-160.46
1082,-74.77,1.16,-158.02
1083,-71.53,-2.08,-158.94
1084,-60.3,-7.39,-161.8
1085,-51.33,-12.57,-163.94
1086,-50.42,-16.85,-163.82
1087,-52.37,-22.22,-162.9
1088,-44.43,-27.83,-163.64
1089,-30.09,-31.8,-163.15
1090,-24.84,-32.17,-157.23
1091,-34.42,-28.08,-147.58
1092,-43.95,-23.99,-138.61
1093,-52.06,-19.65,-129.27
1094,-60.61,-15.01,-118.59
1095,-70.19,-9.89,-108.95
1096,-80.93,-5.37,-104.86
1097,-88.38,-2.56,-110.66
1098,-87.71,-4.15,-124.82
1099,-73.79,-11.47,-144.1
1100,-47.3,-24.17,-162.05
1101,-16.48,-35.95,-171.14
1102,10.38,-41.38,-169.37
1103,32.84,-36.13,-156.31
1104,42.97,-21.79,-134.77
1105,34.67,-3.78,-110.35
1106,14.53,13.37,-86.85
1107,-11.78,26.67,-65.61
1108,-31.37,33.94,-48.83
1109,-33.39,34.61,-39.06
1110,-19.96,30.76,-34.79
1111,-0.98,24.72,-32.35
1112,17.94,17.88,-29.42
1113,31.92,12.94,-23.38
1114,37.17,11.17,-12.82
1115,32.71,11.54,0.43
1116,22.64,13.0,14.71
1117,13.61,14.28,28.5
1118,8.12,14.65,40.1
1119,4.82,12.7,49.87
1120,6.9,8.06,59.39
1121,18.92,3.6,63.72
1122,31.19,0.31,66.28
1123,38.33,-4.58,70.68
1124,40.71,-8.06,75.99
1125,42.05,-10.56,83.01
1126,44.07,-13.92,90.94
1127,44.25,-16.11,100.04
1128,42.6,-18.19,109.19
1129,40.83,-19.59,117.92
1130,37.66,-20.32,127.08
1131,33.81,-19.84,135.38
1132,31.56,-17.88,140.87
1133,30.7,-16.72,145.57
1134,31.13,-17.94,150.27
1135,32.59,-20.32,156.25
1136,32.84,-22.09,163.33
1137,34.48,-23.99,168.95
1138,37.35,-25.39,174.87
1139,39.67,-24.54,182.92
1140,43.21,-20.75,189.94
1141,46.14,-15.99,192.5
1142,45.1,-12.63,192.57
1143,37.41,-9.52,192.26
1144,25.88,-7.2,192.63
1145,17.7,-5.25,194.46
1146,9.16,-2.14,198.73
1147,-2.5,1.16,204.1
1148,-4.7,2.69,205.51
1149,8.73,4.03,203.8
1150,22.77,7.39,203.43
1151,33.57,11.66,201.29
1152,45.35,16.36,196.23
1153,55.24,22.16,193.42
1154,60.18,26.49,192.93
1155,59.39,27.89,196.11
1156,48.65,27.95,206.6
1157,29.66,26.55,220.09
1158,7.57,27.53,232.97
1159,-2.99,30.4,244.69
1160,0.79,33.63,254.52
1161,13.92,33.69,258.12
1162,35.1,27.59,251.95
1163,53.59,19.17,239.99
1164,63.9,11.6,225.52
1165,69.76,4.39,213.62
1166,40.53,-0.31,212.89
1167,-31.56,0.61,223.88
1168,-92.77,10.93,236.94
1169,-126.34,25.88,247.44
1170,-121.28,35.77,250.92
1171,-90.33,39.49,246.03
1172,-51.45,38.33,233.46
1173,-9.28,34.67,213.56
1174,35.46,29.36,190.49
1175,80.26,22.16,170.41
1176,109.56,14.16,159.24
1177,114.93,8.42,159.3
1178,106.32,7.2,169.43
1179,87.34,11.35,185.91
1180,50.9,17.82,203.12
1181,7.45,25.51,216.61
1182,-20.39,34.73,221.13
1183,-22.77,42.79,215.88
1184,-9.52,47.61,206.18
1185,13.92,47.36,197.2
1186,38.45,41.69,190.49
1187,52.06,34.18,186.34
1188,55.24,26.12,183.96
1189,53.77,17.03,181.7
1190,52.55,8.0,175.78
1191,51.94,-0.55,164.86
1192,61.04,-8.36,151.31
1193,76.97,-16.17,141.72
1194,76.42,-19.9,135.99
1195,56.82,-18.37,132.45
1196,30.82,-15.01,130.31
1197,11.05,-12.63,127.01
1198,5.07,-11.11,120.18
1199,9.16,-9.7,112.55
1200,14.71,-8.67,104.61
1201,17.4,-6.65,95.95
1202,17.33,-2.69,88.07
1203,18.55,1.83,80.87
1204,23.99,4.64,73.12
1205,29.17,5.86,64.39
1206,27.28,4.76,54.87
1207,18.07,2.01,43.4
1208,2.62,0.49,29.17
1209,-11.54,0.92,13.31
1210,-21.67,2.5,-1.59
1211,-28.02,4.52,-14.16
1212,-34.3,5.98,-24.05
1213,-37.29,5.07,-31.49
1214,-39.18,3.48,-37.29
1215,-43.09,2.62,-42.66
1216,-46.88,1.65,-48.4
1217,-46.75,-0.67,-56.09
1218,-39.92,-3.3,-65.12
1219,-27.95,-3.48,-75.99
1220,-9.34,-3.42,-93.14
1221,11.66,-3.72,-112.24
1222,25.63,-3.91,-129.03
1223,28.2,-2.44,-142.21
1224,18.86,-1.46,-152.34
1225,3.48,-1.53,-161.56
1226,-15.93,-1.28,-168.52
1227,-36.19,-1.95,-173.77
1228,-54.63,-3.91,-178.77
1229,-68.12,-8.0,-186.52
1230,-74.34,-13.67,-196.29
1231,-69.52,-19.84,-206.91
1232,-59.63,-23.01,-216.0
1233,-52.73,-24.41,-223.39
1234,-43.58,-25.88,-229.43
1235,-32.17,-25.39,-233.34
1236,-16.85,-24.05,-235.78
1237,5.74,-22.89,-238.95
1238,25.45,-21.0,-244.45
1239,29.24,-19.59,-251.1
1240,24.96,-17.33,-256.59
1241,21.12,-13.49,-257.87
1242,14.22,-10.13,-254.27
1243,-1.89,-7.81,-247.56
1244,-26.06,-7.45,-241.15
1245,-45.1,-8.42,-237.92
1246,-53.47,-9.64,-237.73
1247,-53.71,-8.97,-237.3
1248,-44.8,-6.29,-233.95
1249,-30.76,-1.65,-227.29
1250,-22.83,4.58,-221.13
1251,-14.95,9.83,-218.08
1252,-6.04,14.28,-217.16
1253,-8.67,18.8,-215.27
1254,-24.41,21.85,-211.3
1255,-43.4,21.85,-203.61
1256,-63.35,16.05,-191.59
1257,-81.12,5.92,-178.34
1258,-91.67,-3.05,-167.36
1259,-92.53,-5.86,-161.38
1260,-87.83,-4.88,-160.89
1261,-78.31,-3.97,-163.45
1262,-63.66,-5.31,-166.08
1263,-51.88,-6.84,-166.87
1264,-40.89,-9.09,-166.75
1265,-24.17,-10.74,-166.87
1266,-7.63,-10.07,-165.59
1267,-5.98,-6.53,-161.25
1268,-19.35,-4.7,-156.43
1269,-32.47,-6.47,-153.99
1270,-40.53,-10.68,-152.95
1271,-34.55,-15.93,-154.54
1272,-28.38,-18.98,-155.7
1273,-26.73,-18.62,-154.66
1274,-37.66,-14.65,-148.74
1275,-54.63,-9.52,-139.77
1276,-62.56,-6.23,-131.77
1277,-68.73,-4.52,-125.61
1278,-77.7,-5.8,-121.15
1279,-79.1,-10.62,-119.51
1280,-70.07,-16.24,-119.32
1281,-57.5,-20.87,-119.02
1282,-47.61,-24.6,-118.53
1283,-37.48,-27.59,-117.86
1284,-23.62,-29.17,-117.0
1285,-11.6,-26.18,-114.14
1286,-9.77,-21.79,-107.48
1287,-18.25,-16.66,-96.25
1288,-38.51,-9.89,-80.99
1289,-57.31,-3.17,-65.92
1290,-69.58,1.89,-54.38
1291,-71.66,2.87,-47.3
1292,-63.29,0.18,-44.92
1293,-48.1,-5.55,-45.53
1294,-35.71,-9.83,-43.21
1295,-34.91,-9.95,-38.27
1296,-39.79,-7.14,-30.27
1297,-42.36,-3.91,-18.98
1298,-41.99,-1.28,-7.93
1299,-34.79,1.22,0.37
1300,-17.4,2.87,6.04
1301,-2.93,3.36,11.47
1302,2.32,4.03,18.55
1303,4.58,5.43,26.79
1304,4.46,7.26,36.07
1305,5.55,8.54,43.4
1306,13.67,9.64,47.79
1307,19.41,11.66,51.57
1308,21.3,13.79,54.99
1309,26.49,14.1,56.09
1310,38.15,13.79,54.5
1311,50.9,13.31,53.04
1312,56.76,12.27,55.11
1313,59.81,11.11,59.33
1314,53.89,11.78,65.12
1315,45.59,13.79,73.0
1316,39.92,17.09,83.92
1317,39.12,20.51,95.95
1318,37.9,23.86,107.67
1319,29.54,27.65,117.68
1320,15.87,30.82,126.65
1321,8.36,31.37,133.61
1322,13.37,29.36,137.21
1323,22.22,27.22,138.61
1324,28.26,26.98,138.85
1325,34.3,27.77,138.43
1326,41.5,28.38,137.76
1327,44.43,28.63,137.76
1328,44.31,28.87,137.63
1329,44.43,29.48,138.18
1330,41.63,31.8,140.69
1331,40.71,35.03,143.31
1332,44.62,37.84,147.03
1333,48.1,40.65,152.1
1334,46.02,42.91,155.21
1335,38.39,42.6,155.46
1336,34.36,41.14,153.32
1337,40.04,39.61,150.02
1338,49.74,38.33,145.81
1339,58.47,36.44,140.99
1340,69.03,34.42,137.51
1341,75.56,32.96,138.24
1342,82.46,33.33,142.33
1343,86.06,34.42,149.6
1344,83.37,35.4,157.84
1345,73.85,36.74,164.0
1346,62.32,38.27,167.79
1347,55.3,38.88,169.56
1348,48.4,36.8,168.4
1349,42.24,33.2,165.1
1350,39.98,29.6,161.01
1351,42.54,25.09,156.98
1352,48.16,22.16,154.66
1353,59.81,21.55,155.58
1354,60.61,23.62,158.81
1355,43.82,27.89,162.35
1356,25.27,31.19,165.71
1357,19.59,31.31,164.37
1358,22.52,27.53,159.12
1359,31.56,22.46,153.87
1360,44.74,18.31,149.78
1361,54.5,13.31,145.51
1362,61.4,7.63,141.36
1363,66.47,3.91,139.22
1364,67.14,0.92,138.55
1365,65.37,-2.38,138.37
1366,66.47,-5.31,136.23
1367,71.17,-7.32,131.59
1368,76.48,-11.23,124.94
1369,79.83,-16.54,116.94
1370,81.24,-20.63,109.62
1371,76.05,-23.68,104.74
1372,65.67,-27.4,103.09
1373,55.48,-31.25,102.66
1374,53.59,-34.61,99.91
1375,59.63,-39.06,96.07
1376,65.8,-46.02,93.02
1377,72.75,-53.1,90.21
1378,85.02,-58.29,87.22
1379,95.03,-61.52,85.94
1380,96.86,-61.58,85.88
1381,86.55,-60.0,86.73
1382,71.66,-60.0,90.88
1383,57.43,-58.84,96.37
1384,41.63,-53.96,102.42
1385,27.77,-50.54,106.26
1386,21.12,-48.89,106.69
1387,19.41,-46.14,104.74
1388,18.86,-43.21,97.17
1389,26.37,-41.56,82.7
1390,38.7,-39.61,64.76
1391,47.55,-37.6,44.86
1392,57.98,-36.62,23.25
1393,72.14,-34.67,5.31
1394,77.76,-29.79,-2.99
1395,66.53,-22.64,-2.99
1396,42.36,-14.83,0.67
1397,16.3,-7.26,4.09
1398,-4.76,-0.24,4.58
1399,-19.59,5.62,0.55
1400,-28.44,9.46,-7.51
1401,-29.85,11.84,-19.1
1402,-26.86,13.31,-33.51
1403,-16.54,14.16,-49.56
1404,-4.58,15.56,-64.51
1405,-0.79,18.8,-75.44
1406,-5.92,22.52,-82.09
1407,-13.92,26.37,-84.84
1408,-20.87,29.97,-85.33
1409,-26.67,33.39,-85.63
1410,-33.57,37.23,-89.11
1411,-37.78,39.86,-97.47
1412,-38.82,40.95,-108.76
1413,-38.57,40.34,-120.36
1414,-37.35,38.88,-130.25
1415,-34.55,38.09,-139.28
1416,-30.27,37.54,-147.46
1417,-28.2,37.96,-151.98
1418,-31.56,40.1,-154.17
1419,-34.85,41.81,-156.19
1420,-36.01,41.87,-158.08
1421,-37.6,39.67,-160.52
1422,-38.82,35.89,-163.45
1423,-37.72,32.47,-168.4
1424,-30.09,29.24,-176.57
1425,-19.96,27.1,-184.94
1426,-10.01,25.88,-191.47
1427,-3.05,25.45,-193.97
1428,-5.07,25.76,-191.96
1429,-16.05,25.88,-187.93
1430,-29.91,24.05,-184.75
1431,-42.42,21.48,-184.45
1432,-51.94,16.72,-188.6
1433,-53.65,9.52,-195.62
1434,-50.9,2.5,-201.29
1435,-49.74,-4.76,-204.77
1436,-47.79,-11.17,-206.36
1437,-44.8,-16.78,-206.79
1438,-41.87,-21.3,-206.36
1439,-38.82,-25.45,-204.96
1440,-32.84,-27.65,-202.76
1441,-33.2,-27.22,-199.46
1442,-38.39,-24.72,-196.72
1443,-29.11,-22.03,-197.51
1444,-20.75,-19.35,-199.89
1445,-21.61,-16.17,-201.17
1446,-21.79,-13.43,-202.58
1447,-22.03,-9.77,-202.76
1448,-24.84,-6.71,-202.03
1449,-29.66,-5.13,-200.44
1450,-31.68,-4.76,-198.67
1451,-16.48,-6.47,-197.75
1452,8.12,-10.38,-198.36
1453,18.74,-13.06,-197.88
1454,5.49,-16.3,-194.34
1455,-15.01,-18.01,-187.13
1456,-29.3,-19.84,-177.98
1457,-30.15,-19.47,-169.74
1458,-30.88,-14.59,-162.78
1459,-40.34,-7.81,-157.9
1460,-50.96,-3.36,-156.74
1461,-55.97,-1.89,-157.65
1462,-57.98,-2.62,-156.98
1463,-60.85,-3.11,-152.95
1464,-59.2,-0.85,-147.46
1465,-50.48,2.2,-142.46
1466,-44.07,4.15,-136.41
1467,-40.77,4.39,-129.82
1468,-28.93,3.11,-123.78
1469,-2.93,1.95,-119.93
1470,22.52,2.56,-117.8
1471,28.2,5.13,-112.12
1472,15.87,8.61,-102.36
1473,-1.04,11.78,-91.25
1474,-17.27,13.73,-79.83
1475,-32.41,14.34,-67.93
1476,-48.71,13.18,-55.91
1477,-56.64,7.14,-45.17
1478,-45.17,-2.26,-37.35
1479,-16.36,-9.64,-32.47
1480,9.52,-13.43,-26.79
1481,24.84,-13.79,-17.21
1482,32.96,-12.88,-4.15
1483,33.81,-11.17,13.0
1484,28.93,-10.62,32.9
1485,22.16,-11.17,51.09
1486,16.05,-11.78,65.25
1487,9.89,-11.96,74.46
1488,4.88,-12.57,79.96
1489,2.62,-13.85,83.25
1490,3.17,-14.53,85.69
1491,7.32,-15.14,87.71
1492,11.9,-16.24,89.54
1493,16.36,-17.7,91.0
1494,21.0,-18.49,92.53
1495,24.54,-18.74,94.79
1496,27.16,-18.43,97.96
1497,30.09,-18.13,102.17
1498,35.83,-16.36,107.73
1499,43.7,-14.04,113.59
1500,50.54,-13.37,118.9
1501,51.76,-13.61,124.02
1502,48.1,-13.61,129.7
1503,47.91,-13.12,134.03
1504,50.84,-12.15,138.55
1505,54.2,-11.41,143.55
1506,57.01,-11.9,147.4
1507,58.11,-12.33,150.82
1508,56.82,-12.51,153.75
1509,48.22,-12.7,157.41
1510,36.99,-12.02,161.56
1511,30.21,-10.99,166.44
1512,29.36,-9.77,171.02
1513,27.89,-7.81,175.42
1514,22.03,-4.52,179.32
1515,19.71,-2.32,181.76
1516,20.39,-0.79,183.23
1517,17.33,2.32,185.73
1518,13.37,6.96,189.15
1519,13.43,10.56,191.65
1520,19.1,11.47,193.18
1521,28.81,10.56,193.97
1522,23.93,8.97,195.07
1523,5.68,8.73,195.5
1524,-19.04,7.14,192.81
1525,-37.35,3.48,186.46
1526,-40.41,-2.08,177.25
1527,-34.24,-7.39,167.97
1528,-34.18,-12.15,160.46
1529,-38.57,-17.46,154.79
1530,-30.58,-20.2,150.88
1531,-12.21,-17.15,148.68
1532,-3.48,-12.51,147.58
1533,0.06,-10.13,146.48
1534,6.9,-10.44,145.57
1535,18.62,-12.45,143.31
1536,35.03,-15.32,138.37
1537,49.07,-18.43,133.3
1538,55.85,-20.32,132.93
1539,51.7,-18.92,136.54
1540,36.01,-15.81,140.93
1541,19.71,-12.94,143.01
1542,11.72,-12.08,141.54
1543,14.47,-13.06,136.54
1544,23.99,-15.14,128.54
1545,31.98,-17.03,120.91
1546,34.91,-18.49,115.97
1547,34.12,-19.29,113.77
1548,27.22,-18.31,114.93
1549,15.01,-16.72,118.65
1550,5.55,-14.83,123.23
1551,-1.71,-12.21,129.7
1552,-11.47,-9.34,137.39
1553,-21.0,-8.0,142.76
1554,-22.4,-7.02,143.01
1555,-14.47,-7.32,139.47
1556,-5.49,-8.42,135.68
1557,0.67,-10.38,133.91
1558,-2.5,-13.24,134.09
1559,-7.57,-16.6,132.69
1560,-8.0,-16.97,129.33
1561,-9.89,-16.17,124.45
1562,-13.43,-16.54,117.68
1563,-9.83,-16.42,109.37
1564,0.06,-16.54,102.84
1565,7.63,-17.15,98.45
1566,6.23,-17.64,95.52
1567,0.85,-17.58,93.57
1568,0.73,-17.88,91.86
1569,5.31,-17.64,89.9
1570,8.12,-16.3,89.72
1571,7.45,-14.71,89.9
1572,7.51,-12.82,88.93
1573,12.08,-10.8,88.44
1574,15.87,-8.61,89.54
1575,13.24,-6.59,91.55
1576,7.2,-5.74,92.41
1577,3.91,-6.35,89.97
1578,5.19,-6.77,84.41
1579,5.13,-7.51,76.9
1580,2.08,-8.18,68.73
1581,1.53,-8.24,60.97
1582,1.46,-7.69,54.5
1583,-2.69,-6.9,49.8
1584,-9.46,-4.88,45.78
1585,-13.24,-1.59,41.93
1586,-14.04,1.59,37.41
1587,-15.93,5.13,32.04
1588,-21.67,7.87,25.27
1589,-28.56,10.13,17.15
1590,-33.57,11.29,6.1
1591,-33.2,10.56,-6.65
1592,-27.65,9.95,-20.2
1593,-19.71,10.31,-33.51
1594,-11.54,9.4,-46.88
1595,-3.66,6.41,-61.83
1596,8.24,2.5,-76.66
1597,17.58,2.5,-87.65
1598,12.02,5.55,-92.35
1599,-0.43,11.72,-93.93
1600,-8.91,13.06,-95.46
1601,-17.58,12.27,-95.15
1602,-25.09,11.9,-93.99
1603,-30.33,12.15,-93.99
1604,-35.77,12.27,-95.21
1605,-40.89,12.08,-97.78
1606,-41.02,10.68,-102.05
1607,-35.77,9.03,-108.46
1608,-27.71,7.32,-116.7
1609,-17.76,4.27,-125.85
1610,-5.25,0.67,-134.09
1611,6.29,-1.22,-141.24
1612,14.89,-2.26,-147.64
1613,18.19,-3.42,-153.56
1614,16.6,-2.99,-157.9
1615,12.88,-0.67,-159.06
1616,6.41,4.76,-158.39
1617,-4.27,9.03,-159.55
1618,-9.22,12.63,-163.15
1619,-9.28,16.6,-167.54
1620,-10.31,19.23,-170.53
1621,-11.41,20.81,-171.39
1622,-11.66,21.06,-171.63
1623,-9.22,20.14,-172.55
1624,-1.46,17.82,-174.19
1625,6.47,15.69,-176.88
1626,12.51,13.37,-180.24
1627,15.99,11.47,-183.53
1628,15.75,10.01,-184.63
1629,13.12,8.06,-184.2
1630,9.83,6.71,-181.88
1631,1.53,6.41,-177.06
1632,-17.15,6.65,-170.84
1633,-40.77,5.62,-166.14
1634,-55.85,0.92,-164.31
1635,-57.68,-5.68,-163.51
1636,-55.79,-10.8,-161.87
1637,-52.61,-13.79,-158.08
1638,-50.11,-14.53,-151.79
1639,-48.77,-14.71,-144.96
1640,-43.82,-16.24,-139.65
1641,-31.37,-16.85,-136.78
1642,-22.95,-13.67,-135.62
1643,-33.14,-7.08,-140.32
1644,-49.8,-3.91,-148.19
1645,-47.12,-6.65,-146.12
1646,-43.64,-4.27,-142.21
1647,-43.33,0.31,-139.1
1648,-47.0,2.56,-133.85
1649,-53.83,2.5,-131.16
1650,-55.73,-1.22,-133.85
1651,-46.26,-8.42,-139.71
1652,-31.56,-16.97,-143.98
1653,-20.57,-22.89,-145.94
1654,-14.59,-23.38,-145.75
1655,-12.57,-19.96,-143.01
1656,-19.1,-14.1,-137.21
1657,-29.42,-8.3,-130.68
1658,-35.77,-3.91,-126.16
1659,-35.52,-2.69,-124.69
1660,-24.35,-3.97,-127.26
1661,-13.85,-5.37,-131.29
1662,-7.51,-6.84,-134.89
1663,-2.26,-8.73,-137.39
1664,5.49,-10.5,-139.1
1665,13.31,-11.17,-139.89
1666,14.34,-11.05,-137.76
1667,5.13,-9.58,-132.51
1668,-11.41,-8.42,-126.16
1669,-28.08,-7.63,-120.91
1670,-45.65,-8.0,-116.82
1671,-55.73,-9.16,-114.5
1672,-55.48,-10.31,-113.1
1673,-50.78,-12.21,-111.02
1674,-48.28,-13.24,-106.2
1675,-44.62,-10.31,-98.69
1676,-39.12,-5.86,-92.16
1677,-36.99,-1.46,-85.88
1678,-41.56,1.59,-79.16
1679,-44.8,0.92,-74.77
1680,-43.09,-2.2,-73.12
1681,-39.98,-6.29,-71.9
1682,-39.31,-10.68,-69.34
1683,-35.34,-13.73,-65.73
1684,-27.71,-15.14,-62.81
1685,-24.6,-14.59,-60.12
1686,-20.63,-12.76,-59.45
1687,-13.67,-11.54,-60.12
1688,-8.24,-10.68,-59.2
1689,-8.42,-9.34,-56.15
1690,-10.07,-8.0,-51.27
1691,-12.94,-6.16,-44.8
1692,-20.81,-4.21,-35.34
1693,-30.58,-0.98,-24.41
1694,-35.52,1.34,-15.5
1695,-34.55,2.14,-9.46
1696,-29.05,2.14,-4.82
1697,-22.34,2.69,-1.59
1698,-12.27,2.56,1.22
1699,-2.81,2.26,6.04
1700,4.82,2.08,12.57
1701,9.16,2.08,19.84
1702,8.85,2.08,27.53
1703,7.08,2.93,35.22
1704,5.86,3.48,43.64
1705,4.7,4.15,52.98
1706,4.39,5.55,62.13
1707,3.42,8.42,70.98
1708,-2.32,11.78,80.02
1709,-11.41,16.05,88.99
1710,-17.82,20.45,96.13
1711,-22.34,23.8,101.07
1712,-29.17,25.57,105.29
1713,-27.47,25.15,107.36
1714,-19.47,25.7,109.19
1715,-9.4,26.98,112.43
1716,-1.16,27.77,116.58
1717,2.56,27.65,120.3
1718,3.48,27.16,123.72
1719,7.14,27.53,126.89
1720,16.66,28.87,129.09
1721,26.12,31.13,131.16
1722,29.54,33.39,133.54
1723,28.75,34.85,136.72
1724,28.56,36.5,139.34
1725,30.82,38.94,141.24
1726,29.97,42.6,144.78
1727,25.51,46.75,150.63
1728,22.4,48.83,155.7
1729,22.83,49.93,159.06
1730,25.33,51.51,159.3
1731,34.85,55.66,157.84
1732,52.55,62.32,158.51
1733,70.37,70.56,164.79
1734,77.39,79.16,175.42
1735,70.19,85.75,186.22
1736,62.93,88.62,195.13
1737,59.02,88.13,201.78
1738,48.34,87.65,207.34
1739,25.88,87.71,215.58
1740,-7.26,88.68,225.1
1741,-41.08,90.58,229.92
1742,-63.66,91.86,225.65
1743,-64.82,90.52,214.6
1744,-44.01,86.67,200.07
1745,-8.24,81.12,182.98
1746,40.95,73.49,167.42
1747,83.01,66.65,158.08
1748,96.5,61.22,155.94
1749,87.4,55.54,158.08
1750,77.27,49.19,159.42
1751,74.04,44.92,160.58
1752,73.18,41.99,160.77
1753,74.16,39.67,157.96
1754,73.43,37.48,155.33
1755,60.79,36.44,155.27
1756,43.82,36.19,154.17
1757,38.57,34.73,149.23
1758,42.85,32.96,143.37
1759,47.3,32.1,140.26
1760,48.52,31.56,139.04
1761,49.8,30.03,137.51
1762,47.85,28.14,135.5
1763,43.27,24.78,132.63
1764,43.64,18.43,128.48
1765,50.84,12.88,123.66
1766,54.32,9.77,119.26
1767,51.45,9.58,114.01
1768,51.94,10.01,105.96
1769,58.65,8.54,96.37
1770,68.54,5.0,87.83
1771,73.67,2.32,85.94
1772,64.09,1.22,92.35
1773,43.7,0.43,101.87
1774,26.98,-0.49,109.01
1775,15.26,-1.4,113.16
1776,5.8,-2.93,115.17
1777,0.79,-2.69,115.54
1778,-0.55,-1.22,113.77
1779,-0.67,-0.12,107.85
1780,6.23,-0.92,98.63
1781,22.83,-1.4,88.62
1782,41.14,-2.38,80.32
1783,52.98,-5.43,76.54
1784,58.84,-7.75,76.84
1785,57.92,-8.54,82.09
1786,49.07,-10.13,89.72
1787,41.87,-13.06,94.73
1788,35.34,-15.32,97.35
1789,26.55,-16.72,96.86
1790,28.38,-18.37,90.7
1791,33.26,-21.24,82.34
1792,35.4,-23.32,74.58
1793,37.41,-24.29,69.27
1794,39.31,-22.95,66.53
1795,36.68,-20.69,66.89
1796,29.85,-18.37,69.15
1797,26.0,-17.27,71.41
1798,27.47,-16.3,71.9
1799,30.09,-14.65,70.68
1800,28.75,-11.35,69.52
1801,19.9,-6.35,69.27
1802,5.55,-6.29,67.63
1803,-2.08,-5.55,58.04
1804,5.68,-2.69,53.96
1805,7.39,-2.38,43.88
1806,2.38,-0.43,32.65
1807,-3.54,-1.1,21.85
1808,-5.98,-1.22,8.73
1809,-6.29,0.43,-2.93
1810,-13.49,1.77,-10.07
1811,-25.27,3.72,-14.77
1812,-31.8,5.92,-18.07
1813,-35.52,4.82,-20.69
1814,-36.13,3.78,-23.8
1815,-34.67,4.21,-28.75
1816,-34.42,3.66,-36.25
1817,-31.74,2.56,-45.17
1818,-26.79,2.14,-53.71
1819,-25.15,1.34,-62.07
1820,-21.55,-0.43,-71.53
1821,-12.88,-1.34,-79.22
1822,-14.95,-0.85,-84.05
1823,-24.05,-1.4,-87.77
1824,-28.63,-2.2,-91.98
1825,-30.7,-2.87,-96.19
1826,-36.19,-4.88,-100.1
1827,-40.47,-7.51,-104.37
1828,-38.45,-8.97,-108.28
1829,-32.53,-9.22,-114.32
1830,-27.28,-8.91,-123.35
1831,-18.86,-9.34,-133.85
1832,-9.28,-10.13,-144.71
1833,-4.58,-10.44,-154.85
1834,-3.54,-11.05,-165.04
1835,2.14,-12.33,-175.96
1836,13.85,-14.28,-185.42
1837,26.67,-15.26,-192.38
1838,29.42,-15.14,-195.43
1839,19.1,-13.31,-196.04
1840,9.03,-11.6,-196.66
1841,4.27,-10.68,-197.2
1842,-2.2,-9.7,-197.08
1843,-15.38,-8.3,-197.45
1844,-29.05,-6.77,-198.3
1845,-34.67,-4.64,-198.06
1846,-35.28,-2.56,-197.33
1847,-36.8,-1.71,-197.39
1848,-34.91,-2.01,-198.06
1849,-26.0,-2.32,-199.16
1850,-20.32,-2.26,-200.5
1851,-17.27,-3.3,-202.76
1852,-13.31,-5.19,-203.55
1853,-11.35,-4.15,-201.42
1854,-11.9,-0.92,-197.2
1855,-12.94,0.73,-192.75
1856,-14.34,-0.43,-190.43
1857,-15.5,-2.62,-190.31
1858,-16.78,-3.48,-189.82
1859,-20.32,-2.75,-187.74
1860,-26.55,-2.87,-185.3
1861,-31.98,-6.29,-184.33
1862,-34.97,-11.23,-183.78
1863,-37.35,-14.4,-181.7
1864,-46.26,-14.71,-177.61
1865,-58.84,-13.98,-173.22
1866,-67.44,-13.31,-169.01
1867,-68.97,-13.85,-165.1
1868,-69.09,-14.59,-161.74
1869,-68.18,-15.5,-160.16
1870,-58.59,-16.48,-160.83
1871,-40.95,-17.15,-163.57
1872,-23.86,-16.72,-167.72
1873,-19.17,-15.26,-171.14
1874,-24.35,-13.92,-172.3
1875,-32.29,-11.66,-172.12
1876,-43.58,-9.77,-172.55
1877,-50.48,-10.38,-172.55
1878,-54.57,-15.32,-170.78
1879,-51.76,-20.63,-167.11
1880,-40.95,-22.09,-164.12
1881,-32.53,-17.52,-161.32
1882,-36.13,-8.73,-157.53
1883,-48.77,-1.28,-153.56
1884,-64.58,0.49,-150.51
1885,-68.79,-2.14,-149.72
1886,-66.04,-4.94,-150.02
1887,-62.99,-7.32,-150.57
1888,-62.93,-9.52,-150.21
1889,-68.12,-12.27,-148.19
1890,-70.92,-15.2,-143.98
1891,-70.68,-19.96,-138.92
1892,-75.81,-25.21,-131.96
1893,-54.2,-28.32,-127.38
1894,-35.34,-27.16,-120.18
1895,-46.94,-23.68,-107.36
1896,-68.36,-21.36,-92.1
1897,-91.43,-19.9,-79.04
1898,-108.09,-21.06,-72.69
1899,-110.53,-27.16,-75.26
1900,-94.12,-38.33,-85.69
1901,-66.83,-51.76,-100.22
1902,-40.89,-60.36,-110.47
1903,-11.17,-59.51,-113.89
1904,15.5,-48.71,-108.15
1905,22.09,-29.6,-92.35
1906,1.65,-9.64,-69.46
1907,-25.88,3.23,-47.97
1908,-43.21,9.95,-33.33
1909,-46.63,10.07,-26.67
1910,-36.38,4.64,-26.49
1911,-21.3,-2.01,-28.38
1912,-11.66,-7.26,-29.05
1913,-9.77,-10.68,-27.34
1914,-9.77,-12.7,-23.8
1915,-9.46,-12.7,-18.8
1916,-8.24,-10.62,-12.76
1917,-3.72,-7.02,-6.96
1918,0.67,-2.32,-1.77
1919,5.68,0.79,3.42
1920,14.71,0.85,7.32
1921,21.67,-0.06,10.25
1922,23.8,-2.2,12.63
1923,25.02,-5.37,14.59
1924,29.24,-8.3,17.15
1925,31.68,-10.44,21.12
1926,29.66,-10.56,26.43
1927,24.23,-8.12,32.29
1928,18.68,-5.07,37.78
1929,14.71,-2.32,42.85
1930,13.06,-0.92,48.1
1931,14.89,-1.22,53.83
1932,17.88,-0.85,59.69
1933,21.73,1.16,65.86
1934,26.86,4.03,72.39
1935,24.72,8.3,80.08
1936,18.31,10.25,88.75
1937,13.18,10.99,97.17
1938,18.43,10.38,103.64
1939,24.41,11.23,110.41
1940,26.43,10.31,113.83
1941,30.4,10.31,116.52
1942,36.87,10.62,119.87
1943,39.43,12.02,123.9
1944,37.72,14.65,130.13
1945,32.59,17.64,138.24
1946,29.3,20.69,145.57
1947,29.85,24.29,150.02
1948,32.41,27.1,153.08
1949,35.52,29.48,155.7
1950,41.02,31.43,159.24
1951,46.14,33.63,165.53
1952,50.9,36.62,172.73
1953,54.57,39.37,178.65
1954,53.83,40.34,183.47
1955,52.61,40.22,185.79
1956,53.53,38.09,184.69
1957,58.53,35.77,181.82
1958,64.64,37.54,182.19
1959,58.72,43.76,188.23
1960,49.26,49.56,194.27
1961,42.36,52.19,196.53
1962,39.61,52.86,196.04
1963,40.59,51.39,193.91
1964,44.19,49.38,190.86
1965,48.4,46.81,188.29
1966,49.87,44.01,187.32
1967,47.85,40.83,187.56
1968,45.78,39.49,189.7
1969,45.84,40.83,194.34
1970,44.98,43.33,199.1
1971,39.61,44.31,201.23
1972,34.79,43.82,199.89
1973,36.99,41.75,195.31
1974,46.33,38.57,187.99
1975,57.07,34.06,181.82
1976,62.99,29.24,181.52
1977,55.3,25.27,186.95
1978,37.29,23.44,192.57
1979,22.89,23.19,195.86
1980,16.11,22.16,194.15
1981,13.55,19.23,187.81
1982,14.83,15.2,178.83
1983,24.78,9.4,167.6
1984,37.48,5.37,157.41
1985,45.59,2.99,150.7
1986,52.55,-0.31,146.3
1987,61.22,-4.03,146.79
1988,65.25,-6.84,152.59
1989,59.45,-8.67,160.58
1990,47.06,-9.09,167.54
1991,38.39,-10.07,169.49
1992,33.33,-11.23,166.63
1993,32.71,-12.21,160.1
1994,38.33,-12.39,150.82
1995,46.75,-12.88,139.65
1996,55.6,-14.28,129.39
1997,62.19,-15.93,122.8
1998,61.95,-17.33,119.32
1999,54.81,-18.49,118.47
